name,email,streetAddress,city,state,postalCode
1500 Locust Apartments,Kellyann.Cojocariu@fairstead.com,1500 Locust Street,Philadelphia,PA,19102
1720 Fairmount,avery.martin-chadwick@alterraproperty.com,1720 Fairmount Ave,Philadelphia,PA,19130
222 Saratoga,billing@pontispm.com,222 East Saratoga Street,Baltimore,MD,21202
314 S Henderson,william@crsfloorcovering.com,,,,
335 Bala,Jeff.Borkowski@NolenManagementCo.com,335 Righters Ferry Rd,Bala Cynwyd,PA,19004
550 Bilper LLC,BFmgmt-regular@yardifs.com,550 Bilper Ave,Lindenwold,NJ,08021
77 Park Avenue,jrkinvoices@jrk.com,77 Park avenue,Hoboken,NJ,07030
Albert Incollingo,albert.incollingo@gmail.com,525 Kutcher Road,Southampton,PA,
Alician Senior Apartments,jeff.borkowski@nolenmanagementco.com,140 Hampden Rd,Upper Darby,PA,19082
Allan Domb,kassoway@allandomb.com,1845 Walnut Street Suite 2200,Philadelphia,PA,19103
American Side Apartments,tomwatts@prmprop.com,15 N American Drive,Howell,NJ,07731
Amity Garden Apartments,dbowen@vikingresidential.net,,,PA,19518
Apex Hudson Riverfront,jrkinvoices@jrk.com,20 Water Grant Street,Yonkers,NY,10701
Apex Manayunk,jrkinvoices@jrk.com,4601 Flat Rock Rd,Philadelphia,PA,
Arbor Lane Apartments,AP-UCH@uchweb.com,600 Old Street Road,Trevose,PA,19127
Arrive Chadds Ford,,7000 Johnson Farm Lane,Chadds Ford,PA,19053
Arrive Fort Lee,eastinvoices@trinity-pm.com,900 Crest Lane,Fort Lee,NJ,07024
Arrive Valley Forge,eastinvoices@trinity-pm.com,1876 Minutemen Lane,Eagleville,PA,19403
Atrium Apartments,kamsonap@kamsoncorp.com,2555 Welsh Road,Philadelphia,PA,19114
AW Urban Renewal LLC,BFmgmt-regular@yardifs.com,511 E Gibbsboro Road,Lindenwold,NJ,08021
Bellevue Court Apartments,kamsonap@kamsoncorp.com,401 Bellevue Avenue,Penndel,PA,19047
Belmont Station,jrkinvoices@jrk.com,,,MD,21075
Berkshire Hills,jackie@bhapt.com,2815 Wyoming Drive,Sinking Spring,PA,
Bernadette Licata,,133 West 3rd Ave,Conshohocken,PA,
Bishop Hill Apartments,amanda@woodwardproperties.com,151 S Bishop Avenue,Secane,PA,19018
bishop suriel,,,,,
Bridgeport Suites,amanda@woodwardproperties.com,330 W 3rd Street,Bridgeport,PA,19405
Bridgeview Apartments,AP_bridgeview@scullycompany.com,701 Harrison Street,Allentown,PA,18103
Brooklawn Court,jack@jmeprop.com,501 Browning Lane,Brooklawn,NJ,08030
Cadence at Crown,jrkinvoices@jrk.com,113 Ellington Blvd,Gaithersburg,MD,20878
Cardinal Construction Group,sbarroso@cardinalconstructionhomes.com,,,,
Carole House Apartments,amanda@woodwardproperties.com,8650 West Chester Pike,Upper Darby,PA,
Carriage Hill Apartments,AP-UCH@uchweb.com,2098 Butler Pike,Plymouth Meeting,PA,19462
cast iron lofts,michael@crsfloorcovering.com,300 Coles St,Jersey City,NJ,07310
Catania Construction,michael@crsfloorcovering.com,,,,
Cedar Place Apartments,jrkinvoices@jrk.com,5464 Harpers Farm Road,Columbia,MD,21044
Chestnut Grove,Shallan@lenapepm.com,4 Barington Way,Dover,DE,19904
Christina Apartments,Shallan@lenapepm.com,92 Streamside Circle,Smyrna,DE,19977
Commons at Fallsington,vsimon@vikingresidential.net,1 Makefield Road,Morrisville,PA,19067
Concierge Apartments,jrkinvoices@jrk.com,98 Cold Spring Road,Rocky Hill,CT,06067
Concord Apartments,pbaker@scullycompany.com,2929 Blair Mill Road,Willow Grove,PA,19090
Construction Force,melissa@constructionforceinc.com,212 Decatur St.,Doylestown Doylestown,PA,18901
Creekside North Apartments,billing@goldcrestnj.com,250 Stone Mill Road,Lancaster,PA,17603
Creekside South Apartments,billing@goldcrestnj.com,1424 Passey Lane,Lancaster,PA,17603
David Tornetta,david@retailmds.com,1616 Stergere Street,Town,PA,
Dekalb Apartments,ap_dekalb@scullycompany.com,2609 Dekalb Pike,East Norriton,PA,19401
Delaire Landing,AP-UCH@uchweb.com,,,PA,19114
DF Management,dave@dfmanagementphilly.com,525 S. 4th Street,Suite 370 Philadelphia,PA,19147
Dorilyn Terrace,kamsonap@kamsoncorp.com,190 Bristol Oxford valley Road,Langhorne,PA,19047
Dover Country Club Apartments,JTELLADO@dovercountryclub.com,,,,
DSW Direct Supplies Warehouse,dsolis@askdsw.com,100 Hancock Street,Lodi,NJ,07644
Eaves at West Windsor,APinvoices@avalonbay.com,1000 Jamie Brooks Lane,West WIndsor,NJ,08550
Edge 1909,jrkinvoices@jrk.com,1909 Watrfront Pl,Pittsburgh,PA,15222
Edge At Greentree,dts@invoices.appfolio.com,1000 Cedartree Lane,Claymont,DE,19703
English Manor Apartments,realproperties@invoices.appfolio.com,,,,
Ethos Properties,htorres@ethosresidential.com,1013 S Allen Street,State College,PA,
Evergreen Apartments at Newport Terrace,,,,,
Evergreen Manor,Cheryl@liveattherevere.com,2301 Woodward Street,Philadelphia,PA,
Fair Oaks Apartments,pbaker@scullycompany.com,228 Easton Rd,Horsham,PA,19044
Fincor Construction,fincorconstruction@bill.com,,,MD,21401
Finely Enterprises,steph@finleycatering.com,100 Penn Square,East Philadelphia,PA,19107
Fox Meadow Apartments,kamsonap@kamsoncorp.com,100 Fox Meadow Drive,Maple Shade,NJ,08052
Garrett House,amanda@woodwardproperties.com,3420 Garrett Road,Drexel Hill,PA,19026
Governor Place Townhomes,Office@governorsplace.net,17 Providence Drive,Smyrna,DE,19977
Governor Sproul Apartments,jkroeger@vikingresidential.net,301 S. Parkway,Blvd Broomall,PA,19008
Greens at Cedar Chase,Tlaperriere@greensatcedarchase.com,,,,
Greenwood Gardens,billing@goldcrestnj.com,1006 E Park,Ave Vineland,NJ,08360
GREYSTAR,,,,,
HABOR FREIGHT TOOLS,,,,,
Haddington Townhouses,jyoung@tmo.com,5437 Wyalusing Ave,Philadelphia,PA,19131
Haddon Crossing Apartments,,,,,
Haddon Point,kelly@haddonpoint.com,2100 Haddonfield Road,Pennsauken,NJ,08110
Hamilton Estates,tomwatts@prmprop.com,122 Estates Blvd,Hamilton,NJ,08610
Hamilton Gardens,kamsonap@kamsoncorp.com,2016 F West Linden Street,Allentown,PA,18104
Hamilton Park Co-op,angela@southoldenapartments.com,539A Arena Drive,Hamilton,NJ,08610
Hatfield Village Apartments,sfoster@scullycompany.com,2058 Maple Ave,Hatfield,PA,19440
Haynes Run,jhamilton@frginc.com,322A Barton Run,Boulevard Marlton,NJ,08053
Henry On The Park,marina@henryonthepark.com,7901 Henry Ave,Philadelphia,PA,19128
Icon Riverwalk,iconriverwalkmgr@greystar.com,,,NJ,08536
Inigos Crossing,jrkinvoices@jrk.com,5405 Tuckerman Lane,North Betheseda,MD,20852
Janet Lang,drjanetlangmonahan@icloud.com,960 Old York Road,Abington,PA,
J Creekside at Exton Apartments,schmielewski@jagmgt.com,,,PA,19341
Jefferson at Westtown,jrkinvoices@jrk.com,1000 Skiles Blvd,West Chester,PA,19382
Jefferson Court Apartments,amanda@woodwardproperties.com,1 Jefferson Street,Clifton Heights,PA,19018
Joe Falcon,fally258@gmail.com,9015 Airdale Crescent,Philadelphia,PA,
Karen Court,amanda@woodwardproperties.com,101 W. Baltimore Ave,Landsdowne,PA,19050
Kenneth House,amanda@woodwardproperties.com,,,PA,19082
Lakeside Apartments,CDupont@related.com,231 N Evergreen Ave,Woodbury,NJ,08096
Landon Court,amanda@woodwardproperties.com,146 S Lansdowne Ave,Lansdowne,PA,19050
Lenape,Shallan@lenapepm.com,665 S. Carter Road,Suite 1 Smyrna,DE,19977
Linden Gardens,kamsonap@kamsoncorp.com,2016 F West Linden Street,Allentown,PA,18104
Lindenwood Apartments,amanda@woodwardproperties.com,100 Shadeland Ave,Drexel Hill,PA,19026
llanarch place apartments,amanda@woodwardproperties.com,401 Llanerch Avenue,Havertown,PA,19083
Longview Gardens Apartments,kamsonap@kamsoncorp.com,1501 Woodbourne Road,Levittown,PA,19057
Madison At Glenn Mills,jphillips@maglp.com,512 Coventry Lane,Glen Mills,PA,19342
Manchester Lakes,jrkinvoices@jrk.com,7131 Silver Lake Blvd,Alexandria,VA,22315
Meridian On College Avenue,hprobst@mckinneyproperties.com,646 E College Ave,State College,PA,16801
Merion Trace Apartments,amanda@woodwardproperties.com,7200 Merion Terrace,Upper Darby,PA,19082
Middletown Apartments,lenapedevina@yahoo.com,410 North Ramunno Dr,Middletown,DE,19709
Mikes Residentials,,,,,
Miry Run Apartments,tomwatts@prmprop.com,145 Brookwood Road,Hamilton Township,NJ,08619
Montrose,amanda@woodwardproperties.com,420 Edmonds Ave,Drexel Hill,PA,19026
Morgans Bluff,morgansbluffmgr@willowbridgepc.com,,,NJ,08879
Mount Laurel Crossing Apartments,mgrmtlaurelcrossing@willowbridgepc.com,,,NJ,08054
New Castle Crossing,ntaylor@evergreenapartments.com,1608 New Jersey Ave,New Castle,DE,19720
Newpointe Apartments,ina@apartmentsatnewpointe.com,955 Easton Road,Warrington,PA,18976
Nolen/Nugent Senior Homes,jeff.borkowski@nolenmanagementco.com,221 W Johnson Street,#311 Philadelphia,PA,19144
Nolen/Presser Senior Apartments,jeff.borkowski@nolenmanagementco.com,101 W Johnson Street,#004 Philadelphia,PA,19144
NorthBrook Apartment Homes,kelly@liveatnorthbrook.com,1340 Stewarts Way,Philadelphia,PA,19154
Northgate Village Apartments,jharris@vikingresidential.net,,,NJ,08016
Oakland Gardens,jack@jmeprop.com,2 West Oakland Avenue,NJ,NJ,08107
Oakwood Apartments,amanda@woodwardproperties.com,8723 West Chester Pike,Upper Darby,PA,19082
Oakwynne House,AP-UCH@uchweb.com,1209 W Wynnewood Road,Wynnewood,PA,19096
Old City Renovators,myoldcity@verizon.net,,,,
Park Towne Apartments,billing@goldcrestnj.com,,,NJ,08360
Parkwood Manor,amanda@woodwardproperties.com,83 S State Road,Upper Darby,PA,19082
Patricia Court,amanda@woodwardproperties.com,111 N Lansdowne Ave,Lansdowne,PA,19050
Penzel Manor,amanda@woodwardproperties.com,87-89 S. State Road,Upper Darby,PA,
Plaza Towers Apartments,Cheryl@liveattherevere.com,2350 Tremont Street,Philadelphia,PA,19115
PMC Baltimore,AP@pmcpropertygroup.com,1608 Walnut Street,SUITE 1400 Philadelphia,PA,
PMC Property Group,AP@pmcpropertygroup.com,1608 Walnut Street,Suite 1400 Philadelphia,PA,19103
Regency Court,billing@goldcrestnj.com,752 S East Ave,Vineland,NJ,08360
Regency Townhomes,kelly@regencytownhomes.com,3501 Woodhaven Road,Philadelphia,PA,19154
Rendell Associates,accounting@rendellassociates.com,2501 Seaport Drive,Chester,PA,19013
Residence at Madison,matt@crsfloorcovering.com,5 Madison St,Worcester,MA,01608
Ridgeway Court,amanda@woodwardproperties.com,436 S Lansdowne Ave,Lansdowne,PA,19050
Riverwalk,tcamilo@jonesstreet.com,309 Washington Street,Conshohocken,PA,19428
Rock Springs Apartments,Anna@rockspringsapts.com,937 W Trenton Ave,Morrisville,PA,19067
Rosemont Plaza Apartments,AP-UCH@uchweb.com,1062 Lancaster Ave,Bryn Mawr,PA,19010
Rosewood Apartments,realproperties@invoices.appfolio.com,345 East County Line Road,Hatboro,PA,19040
RSG Management LLC,cara@rsgconstmgmt.net,901 Fox Chase Road,Jenkintown,PA,19046
Salem Harbour,AP-UCH@uchweb.com,455 Olde Bridge Road,Bensalem,PA,19020
Sandalwood Apartments,realproperties@invoices.appfolio.com,,,,
Schwab Properties,properties.schwab@gmail.com,,,,
Sea Aire Apartments,jhamilton@frginc.com,40 Chapman Blvd,Somers Point,NJ,08244
Solaris Lofts,invoices@somliving.com,65 Maple Street,Jersey City,NJ,07304
Somers Point Apartments,CDupont@related.com,,,,
Spring Gardens,billing@goldcrestnj.com,771 S East Ave,Vineland,NJ,08360
Spyglass at Cedar Cove Apartments,jrkinvoices@jrk.com,21620 Spyglass Way,Lexington Park,MD,20653
Sterling Glen,jfreni@vikingresidential.net,744 Eayrestown Road,Lumberton,NJ,08048
Stonybrook,jmorze@vikingresidential.net,801 Cooper Street,Deptford,NJ,08096
Stratford Court,amanda@woodwardproperties.com,58 N Lansdowne Ave,Lansdowne,PA,19050
Summit Gardens,AP-UCH@uchweb.com,701 Summit Ave,Philadelphia,PA,19128
Summit Park,AP-UCH@uchweb.com,8201 Henry Avenue,Philadelphia,PA,19128
Sunnybrae Apartments,tomwatts@prmprop.com,4134 S Broad Street,Hamilton,NJ,08620
Sunnyside Apartments,shallan@lenapepm.com,14 Malvern Lane,Smyrna,DE,19977
Sunset Heights,tish@liveatwillowpointe.com,1130 Sunset Road,Burlington,NJ,08016
Sycamore Ridge,LComer@related.com,,,,
The Arbors Senior Apartments,Jtellado@dovercountryclub.com,1051 College Road,Dover,DE,19904
The Arch,Brendan.Pell@alterraproperty.com,,,,
The Avenue at East Falls,ap@goldoller.com,5450 Wissahickon Ave,Philadelphia,PA,19144
The Bradford,billing@goldcrestnj.com,25 Bradford Drive,Leola,PA,17540
The Commonwealth,brendan.pell@alterraproperty.com,1201 Chestnut Street,Philadelphia,PA,19107
The Crossings At Neshaminy,megan@thecrossingsatneshaminy.com,3060 Bristol Road,Bensalem,PA,19020
The Heights at State College,sbernier@theheightsatstatecollege.com,201 Northwick Blvd,State College,PA,16803
The Residences at Bedford,jrkinvoices@jrk.com,,,,
The Rise,shilton@risestatecollege.com,532 E. College Ave,State College,PA,16801
The Standard,Sydney.David@thestandardphiladelphia.com,119 S. 31st Street,Philadelphia,PA,19104
The Terrace,Cheryl@liveattherevere.com,2301 Woodward Street,Philadelphia,PA,19115
The Versailles,Alicia.Warthen@alterraproperty.com,1530 Locust Street,Philadelphia,PA,19102
The Wexford,dcox@vikingresidential.net,,,,
Timbercove Apartments,realproperties@invoices.appfolio.com,,,,
Toms River Apartments,danielle@liveattomsriverapts.com,802 Main Street,Toms River,NJ,87533
Top of the Hill Apartments,ap@relativeprop.com,301 Heights,Lane Feasterville,PA,19053
Totally Installed,info@totallyinstalled.com,Totally Installed  11 Cindy Lane,Ocean Township,NJ,07712
Tower Place Apartments,justina.hill@alterraproperty.com,1400 Buttonwood Street,Philadelphia,PA,19130
Tricon Construction,m.gagliardi@tricon-construction.com,,,,
TRINITY PROPERTY,,,,,
Twin Terrace,kamsonap@kamsoncorp.com,,,PA,19056
Valley High,AP-UCH@uchweb.com,7950 Henry Avenue,Philadelphia,PA,
Village at Haddonfield,jack@jmeprop.com,126 Kent Road,Haddonfield,NJ,08033
Village Green Apartments,cbabickas@scullycompany.com,503 S Warminster Road,Hatboro,PA,19040
Village of Pennbrook,meganbreen@villageofpennbrookapts.com,9071 Mill Creek Road,Levittown,PA,19054
Villager At Barton Run,jhamilton@frginc.com,322A Barton Run,Boulevard Marlton,NJ,08053
Villages of Westbrook,amanda@woodwardproperties.com,18 N. Oak Ave,Clifton Heights,PA,19018
Walnut Terrace,realproperties@invoices.appfolio.com,,,,
Watergate Townhomes,Shallan@lenapepm.com,6375 Tabard Dr,Milford,DE,19963
Wayne Walnut Apartments,realproperties@invoices.appfolio.com,6101 Wayne Ave,Philadelphia,PA,19144
Wellington Woods,ngrykin@vikingresidential.net,1 Sweetbriar Rd,Morrisville,PA,19067
West End,jrkinvoices@jrk.com,1255 25th Street,NW Washington,DC,20037
Westridge Gardens,ap@relativeprop.com,909 Westridge Gardens Lane,Phoenixville,PA,19460
Willow Pointe,tish@liveatwillowpointe.com,1701 Salem Road,Burlington,NJ,08016
Windsor Forest Townhomes,capital@terrafsllc.com,101 Paisley Lane,New Castle,DE,19720
Woodbourne Apartments,kamsonap@kamsoncorp.com,1350 Woodbourne Road,Levittown,PA,19057
Woodmere,AP-UCH@uchweb.com,8200 Henry Avenue,Philadelphia,PA,19128
Woodward Properties,amanda@woodwardproperties.com,1911 Darby Road,Havertown,PA,
Yardley Crossing,ap@relativeprop.com,1800 Kathy Drive,Yardley,PA,19067
Yorktowne Pointe,billing@goldcrestnj.com,1700 Yorktowne Dr,York,PA,17408